{"calls": [{"t": 1784391060.230338, "tokens": 1200, "ok": true}, {"t": 1784391099.2555244, "tokens": 1200, "ok": true}, {"t": 1784391141.1102903, "tokens": 1562, "ok": true}, {"t": 1784391253.3641763, "tokens": 2917, "ok": true}], "cooldown_until": 0, "last_throttle": "2026-07-18T12:14:21.264250"}